"Player,Pos,PER,WS,BPM,VORP"
"Precious Achiuwa\achiupr01,PF,13.9,1.2,-4.3,-0.4"
"Jaylen Adams\adamsja01,PG,-6.5,-0.1,-19.8,-0.1"
"Steven Adams\adamsst01,C,15.2,4.0,-0.8,0.5"
"Bam Adebayo\adebaba01,C,22.9,8.1,4.8,3.4"
"LaMarcus Aldridge\aldrila01,C,15.7,1.2,-0.6,0.2"
"Ty-Shon Alexander\alexaty01,SG,-0.3,-0.1,-11.0,-0.1"
"Nickeil Alexander-Walker\alexani01,SG,12.4,0.7,-1.7,0.1"
"Grayson Allen\allengr01,SG,12.8,2.6,-0.5,0.5"
"Jarrett Allen\allenja01,C,21.0,6.2,1.5,1.5"
"Al-Farouq Aminu\aminual01,PF,8.9,0.1,-4.0,-0.2"
"Kyle Anderson\anderky01,PF,17.2,5.0,3.1,2.2"
"Giannis Antetokounmpo\antetgi01,PF,29.0,9.3,8.9,5.1"
"Kostas Antetokounmpo\antetko01,PF,1.2,-0.2,-12.0,-0.1"
"Thanasis Antetokounmpo\antetth01,SF,10.7,0.7,-3.6,-0.2"
"Carmelo Anthony\anthoca01,PF,14.9,2.4,-1.5,0.2"
"Cole Anthony\anthoco01,PG,12.0,0.1,-3.1,-0.3"
"OG Anunoby\anunoog01,SF,15.4,3.2,1.0,1.1"
"Ryan Arcidiacono\arcidry01,PG,8.4,0.6,-3.7,-0.2"
"Trevor Ariza\arizatr01,SF,11.9,1.3,-1.2,0.1"
"D.J. Augustin\augusdj01,PG,11.7,1.8,-1.9,0.0"
"Deni Avdija\avdijde01,SF,7.6,1.2,-3.9,-0.6"
"Deandre Ayton\aytonde01,C,20.3,8.0,0.8,1.4"
"Udoka Azubuike\azubuud01,C,10.5,0.1,-4.3,0.0"
"Dwayne Bacon\bacondw01,SG,9.9,0.6,-5.0,-1.3"
"Marvin Bagley III\baglema01,PF,16.5,1.3,-3.3,-0.3"
"LaMelo Ball\ballla01,PG,18.5,3.0,2.6,1.5"
"Lonzo Ball\balllo01,PG,15.5,3.2,1.8,1.6"
"Mo Bamba\bambamo01,C,20.5,1.7,0.9,0.5"
"Desmond Bane\banede01,SG,12.4,2.7,-1.0,0.4"
"Harrison Barnes\barneha02,PF,15.5,4.4,-0.2,1.0"
"RJ Barrett\barrerj01,SG,13.7,3.9,-1.5,0.3"
"Will Barton\bartowi01,SF,11.8,2.3,-2.0,0.0"
"Keita Bates-Diop\bateske01,SF,11.5,0.3,-1.7,0.0"
"Nicolas Batum\batumni01,SF,12.7,4.5,1.1,1.4"
"Aron Baynes\baynear01,C,9.8,0.8,-5.2,-0.8"
"Kent Bazemore\bazemke01,SF,10.6,1.4,-1.7,0.1"
"Darius Bazley\bazleda01,PF,9.9,-0.6,-4.1,-0.8"
"Bradley Beal\bealbr01,SG,22.8,5.6,3.2,2.7"
"Malik Beasley\beaslma01,SG,14.7,1.3,-0.6,0.4"
"Jordan Bell\belljo01,C,8.6,0.0,-5.5,-0.1"
"DeAndre' Bembry\bembrde01,SF,10.9,1.0,-2.3,-0.1"
"D_vis Bert_ns\bertada01,PF,11.7,2.8,-0.8,0.4"
"Patrick Beverley\beverpa01,PG,13.0,2.1,0.8,0.5"
"Saddiq Bey\beysa01,SF,12.8,3.1,-0.6,0.6"
"Tyler Bey\beyty01,SF,7.7,0.0,-8.4,-0.1"
"Khem Birch\birchkh01,C,15.0,3.4,-1.4,0.2"
"Goga Bitadze\bitadgo01,C,17.8,1.3,0.0,0.2"
"Bismack Biyombo\biyombi01,C,11.8,2.1,-3.2,-0.4"
"Nemanja Bjelica\bjeline01,PF,11.5,0.5,-3.6,-0.2"
"Eric Bledsoe\bledser01,SG,11.3,2.2,-2.5,-0.3"
"Keljin Blevins\blevike01,SF,-1.9,-0.2,-12.7,-0.2"
"Bogdan Bogdanovi_\bogdabo01,SG,16.5,3.0,2.9,1.4"
"Bojan Bogdanovi_\bogdabo02,SF,13.5,4.7,-0.9,0.6"
"Bol Bol\bolbo01,PF,12.4,0.1,-1.9,0.0"
"Marques Bolden\boldema01,C,13.3,0.0,-2.8,0.0"
"Jordan Bone\bonejo01,PG,8.9,0.2,-4.2,-0.1"
"Isaac Bonga\bongais01,SF,4.0,0.0,-6.4,-0.5"
"Devin Booker\bookede01,SG,19.6,4.7,0.3,1.2"
"Chris Boucher\bouchch01,C,22.2,6.1,3.1,1.8"
"Brian Bowen\bowenbr02,SF,1.1,0.0,-11.5,0.0"
"Avery Bradley\bradlav01,SG,6.3,-0.1,-5.7,-0.6"
"Tony Bradley\bradlto01,C,21.0,2.5,1.3,0.5"
"Jarrell Brantley\brantja01,PF,16.0,0.5,1.1,0.1"
"Ignas Brazdeikis\brazdig01,SF,6.7,0.0,-9.3,-0.1"
"Mikal Bridges\bridgmi01,SF,16.3,7.3,2.9,2.7"
"Miles Bridges\bridgmi02,PF,14.6,4.2,0.0,0.9"
"Amida Brimah\brimaam01,C,16.6,0.0,-4.0,0.0"
"Oshae Brissett\brissos01,SF,17.4,1.1,0.4,0.2"
"Malcolm Brogdon\brogdma01,PG,18.0,4.3,1.5,1.7"
"Armoni Brooks\brookar01,SG,6.4,-0.2,-5.9,-0.3"
"Dillon Brooks\brookdi01,SF,12.1,1.2,-3.8,-0.8"
"Bruce Brown\brownbr01,PG,15.6,3.7,-0.7,0.4"
"Charlie Brown\brownch02,SG,4.1,-0.1,-7.9,-0.1"
"Jaylen Brown\brownja02,SG,19.9,5.0,2.5,2.3"
"Moses Brown\brownmo01,C,18.6,2.2,-2.7,-0.1"
"Sterling Brown\brownst02,SG,11.1,1.9,-1.7,0.1"
"Troy Brown Jr.\browntr01,SF,8.5,0.5,-4.3,-0.3"
"Jalen Brunson\brunsja01,PG,16.9,4.4,0.2,0.9"
"Thomas Bryant\bryanth01,C,18.7,1.0,0.4,0.2"
"Reggie Bullock\bullore01,SF,11.2,4.1,-0.1,0.8"
"Trey Burke\burketr01,PG,13.4,1.4,-1.2,0.2"
"Alec Burks\burksal01,SG,14.3,2.9,0.6,0.7"
"Jimmy Butler\butleji01,SF,26.3,8.5,7.4,3.9"
"Bruno Caboclo\cabocbr01,PF,9.1,-0.1,-10.6,-0.1"
"Devontae Cacok\cacokde01,PF,18.5,0.3,0.6,0.1"
"Kentavious Caldwell-Pope\caldwke01,SG,10.3,3.5,-1.3,0.3"
"Facundo Campazzo\campafa01,PG,11.7,2.9,-0.6,0.5"
"Vlatko _an_ar\cancavl01,PF,8.9,0.1,-2.9,0.0"
"Devin Cannady\cannade01,PG,11.2,0.1,-3.1,0.0"
"Clint Capela\capelca01,C,24.7,7.8,2.8,2.1"
"Vernon Carey Jr.\careyve01,C,13.3,0.2,-5.1,-0.1"
"Jevon Carter\carteje01,PG,11.9,1.4,0.8,0.4"
"Wendell Carter Jr.\cartewe01,C,17.2,3.4,-1.2,0.3"
"Michael Carter-Williams\cartemi01,SG,9.5,-0.4,-4.6,-0.5"
"Alex Caruso\carusal01,PG,10.9,2.2,-0.2,0.5"
"Willie Cauley-Stein\caulewi01,C,14.3,2.4,-1.6,0.1"
"Chris Chiozza\chiozch01,PG,12.9,0.3,-1.6,0.0"
"Marquese Chriss\chrisma01,PF,11.8,0.0,-3.2,0.0"
"Gary Clark\clarkga01,SF,6.1,0.1,-4.8,-0.5"
"Brandon Clarke\clarkbr01,PF,16.9,3.7,1.1,1.0"
"Jordan Clarkson\clarkjo01,SG,16.4,3.4,0.5,1.0"
"Nicolas Claxton\claxtni01,C,16.5,1.4,0.4,0.3"
"Amir Coffey\coffeam01,SG,10.1,0.7,-2.6,-0.1"
"John Collins\collijo01,PF,20.4,6.0,2.0,1.7"
"Mike Conley\conlemi01,PG,19.1,5.9,4.2,2.3"
"Pat Connaughton\connapa01,SG,11.7,3.5,0.0,0.7"
"Quinn Cook\cookqu01,PG,12.7,0.2,-1.5,0.0"
"DeMarcus Cousins\couside01,C,15.8,0.9,0.2,0.4"
"Robert Covington\covinro01,PF,11.5,3.4,-0.2,1.0"
"Torrey Craig\craigto01,SF,13.9,1.8,0.3,0.4"
"Jae Crowder\crowdja01,PF,11.6,3.0,0.6,1.0"
"Jarrett Culver\culveja01,SG,8.8,-0.1,-6.6,-0.6"
"Seth Curry\curryse01,SG,12.6,3.6,-1.2,0.3"
"Stephen Curry\curryst01,PG,26.1,8.2,8.1,5.1"
"Nate Darling\darlina01,SG,8.9,0.0,-3.6,0.0"
"Anthony Davis\davisan02,PF,22.4,3.2,4.8,1.7"
"Ed Davis\davised01,C,13.5,0.8,-2.7,-0.1"
"Terence Davis\daviste02,SG,11.4,0.4,-2.8,-0.2"
"Gabriel Deck\deckga01,PF,21.0,0.2,3.5,0.1"
"Dewayne Dedmon\dedmode01,C,30.1,1.0,5.0,0.3"
"Matthew Dellavedova\dellama01,PG,7.3,0.0,-6.6,-0.3"
"DeMar DeRozan\derozde01,PF,22.1,7.0,3.5,2.6"
"Mamadi Diakite\diakima01,PF,12.2,0.2,-2.6,0.0"
"Gorgui Dieng\dienggo01,C,18.5,1.9,2.7,0.6"
"Spencer Dinwiddie\dinwisp01,SG,10.1,0.1,-1.4,0.0"
"Donte DiVincenzo\divindo01,SG,12.7,3.2,-0.3,0.7"
"Luka Don_i_\doncilu01,PG,25.8,7.4,7.2,4.8"
"Luguentz Dort\dortlu01,SG,10.2,0.5,-3.6,-0.6"
"Damyean Dotson\dotsoda01,SG,8.2,0.0,-4.8,-0.5"
"Devon Dotson\dotsode01,PG,16.6,0.1,1.9,0.0"
"Sekou Doumbouya\doumbse01,PF,6.3,-0.3,-7.4,-1.0"
"PJ Dozier\doziepj01,SG,10.4,1.2,-3.0,-0.3"
"Goran Dragi_\dragigo01,PG,12.9,1.2,-3.1,-0.3"
"Andre Drummond\drumman01,C,19.6,1.5,-0.7,0.3"
"Jared Dudley\dudleja01,PF,5.4,0.1,-3.6,0.0"
"Kris Dunn\dunnkr01,PG,-5.7,-0.2,-13.9,-0.1"
"Kevin Durant\duranke01,PF,27.1,4.2,7.2,2.2"
"Anthony Edwards\edwaran01,SG,13.3,0.1,-3.1,-0.6"
"Carsen Edwards\edwarca01,SG,11.7,0.4,-4.4,-0.1"
"CJ Elleby\ellebcj01,SF,9.7,0.1,-5.1,-0.1"
"Henry Ellenson\ellenhe01,PF,12.8,0.1,-2.1,0.0"
"Wayne Ellington\ellinwa01,SG,12.5,1.9,-0.3,0.4"
"Joel Embiid\embiijo01,C,30.6,8.4,7.4,3.5"
"James Ennis\ennisja01,SF,12.6,2.1,-2.1,0.0"
"Drew Eubanks\eubandr01,C,18.1,2.1,0.5,0.4"
"Dante Exum\exumda01,SG,5.9,-0.1,-3.1,0.0"
"Tacko Fall\fallta01,C,21.8,0.4,2.5,0.1"
"Derrick Favors\favorde01,C,19.7,4.7,1.9,0.9"
"Cristiano Felício\feliccr01,C,12.2,0.1,-1.0,0.0"
"Terrance Ferguson\fergute01,SG,-7.1,-0.2,-14.8,-0.2"
"Bruno Fernando\fernabr01,C,5.0,-0.2,-7.6,-0.3"
"Yogi Ferrell\ferreyo01,PG,17.5,0.2,2.8,0.1"
"Dorian Finney-Smith\finnedo01,PF,12.1,4.1,0.2,1.0"
"Malik Fitts\fittsma01,PF,2.9,0.0,-10.2,0.0"
"Malachi Flynn\flynnma01,PG,9.9,0.5,-3.5,-0.3"
"Bryn Forbes\forbebr01,SG,12.7,2.6,-1.5,0.2"
"Trent Forrest\forretr01,PG,10.0,0.4,-2.6,0.0"
"De'Aaron Fox\foxde01,PG,20.8,4.1,1.4,1.7"
"Robert Franks\frankro01,PF,16.5,0.3,-0.3,0.0"
"Tim Frazier\fraziti01,PG,0.3,-0.1,-13.6,-0.1"
"Markelle Fultz\fultzma01,PG,12.0,-0.1,-4.6,-0.1"
"Wenyen Gabriel\gabriwe01,PF,6.2,-0.1,-5.4,-0.1"
"Danilo Gallinari\gallida01,PF,16.7,3.5,1.1,0.9"
"Langston Galloway\gallola01,SG,12.5,0.9,-0.4,0.2"
"Darius Garland\garlada01,PG,14.2,1.2,-1.6,0.1"
"Marc Gasol\gasolma01,C,12.4,2.5,2.1,0.9"
"Rudy Gay\gayru01,PF,14.4,1.5,-0.6,0.4"
"Paul George\georgpa01,SF,21.2,5.2,4.1,2.6"
"Taj Gibson\gibsota01,PF,15.5,3.1,0.9,0.6"
"Harry Giles\gilesha01,C,12.8,0.5,-3.5,-0.1"
"Shai Gilgeous-Alexander\gilgesh01,SG,21.6,3.6,3.8,1.7"
"Anthony Gill\gillan01,PF,14.3,0.5,-0.8,0.1"
"Freddie Gillespie\gillefr01,PF,16.5,0.7,-1.2,0.0"
"Rudy Gobert\goberru01,C,23.6,10.4,4.6,3.3"
"Brandon Goodwin\goodwbr01,PG,8.9,0.1,-3.8,-0.3"
"Aaron Gordon\gordoaa01,PF,14.4,1.7,0.0,0.7"
"Eric Gordon\gordoer01,SG,14.5,0.9,-0.6,0.3"
"Devonte' Graham\grahade01,PG,14.2,2.9,0.1,0.8"
"Jerami Grant\grantje01,SF,17.0,3.2,1.0,1.3"
"Danny Green\greenda02,SF,12.3,4.5,1.6,1.6"
"Draymond Green\greendr01,PF,12.7,3.7,1.0,1.4"
"JaMychal Green\greenja01,PF,14.1,2.4,-1.8,0.0"
"Jeff Green\greenje02,C,12.3,3.5,-1.4,0.3"
"Josh Green\greenjo02,SG,8.1,0.2,-3.8,-0.2"
"Blake Griffin\griffbl01,PF,12.2,1.5,-1.4,0.1"
"Kyle Guy\guyky01,PG,8.6,-0.1,-6.9,-0.2"
"Rui Hachimura\hachiru01,PF,11.5,2.0,-3.4,-0.6"
"Ashton Hagans\haganas01,PG,-12.4,0.0,-21.7,0.0"
"Tyrese Haliburton\halibty01,PG,16.2,3.4,1.1,1.4"
"Donta Hall\halldo01,PF,20.5,0.4,2.5,0.1"
"Josh Hall\halljo01,SF,0.2,-0.6,-11.7,-0.6"
"Tim Hardaway Jr.\hardati02,SG,15.0,3.4,-0.5,0.7"
"James Harden\hardeja01,PG,24.5,6.7,6.5,3.3"
"Jared Harper\harpeja01,PG,-8.7,-0.1,-21.4,-0.1"
"Montrezl Harrell\harremo01,C,22.8,7.0,2.9,1.8"
"Gary Harris\harriga01,SG,9.3,0.8,-4.6,-0.6"
"Jalen Harris\harrija01,SG,15.4,0.1,3.7,0.1"
"Joe Harris\harrijo01,SF,14.4,5.2,0.5,1.3"
"Tobias Harris\harrito02,PF,20.3,6.9,3.7,2.7"
"Shaquille Harrison\harrish01,SG,9.2,0.3,-2.9,-0.1"
"Josh Hart\hartjo01,SF,12.2,2.7,-1.1,0.3"
"Isaiah Hartenstein\harteis01,C,18.5,1.7,-1.1,0.1"
"Jaxson Hayes\hayesja02,C,17.8,2.9,-0.3,0.3"
"Killian Hayes\hayeski01,PG,4.5,-1.1,-7.6,-0.7"
"Gordon Hayward\haywago01,SF,17.6,3.6,1.4,1.3"
"Juan Hernangómez\hernaju01,PF,13.3,1.3,-2.4,-0.1"
"Willy Hernangómez\hernawi01,C,19.3,2.4,-0.4,0.3"
"Tyler Herro\herroty01,SG,12.7,1.2,-1.9,0.0"
"Buddy Hield\hieldbu01,SG,12.7,1.9,-1.0,0.6"
"George Hill\hillge01,PG,13.5,1.2,-1.1,0.1"
"Solomon Hill\hillso01,PF,6.7,1.1,-2.9,-0.3"
"Nate Hinton\hintona01,SG,9.9,0.0,-3.3,0.0"
"Jaylen Hoard\hoardja01,SF,10.8,0.1,-5.2,-0.2"
"Aaron Holiday\holidaa01,PG,9.2,0.2,-4.1,-0.6"
"Jrue Holiday\holidjr01,PG,19.8,6.0,3.5,2.4"
"Justin Holiday\holidju01,SG,10.2,2.6,-1.2,0.4"
"Rondae Hollis-Jefferson\holliro01,PF,15.0,0.3,-0.7,0.0"
"Richaun Holmes\holmeri01,C,20.2,5.7,0.3,1.0"
"Rodney Hood\hoodro01,SF,5.5,-0.4,-7.2,-1.2"
"Al Horford\horfoal01,C,17.4,1.7,3.3,1.0"
"Talen Horton-Tucker\hortota01,SG,12.7,1.8,-1.4,0.2"
"Danuel House\houseda01,SF,9.3,0.7,-2.8,-0.2"
"Dwight Howard\howardw01,C,17.8,3.7,-1.9,0.0"
"Markus Howard\howarma02,SG,-4.4,-0.5,-17.9,-0.4"
"Kevin Huerter\huertke01,SG,12.4,3.5,-0.4,0.8"
"Elijah Hughes\hugheel01,SF,7.9,0.0,-4.1,0.0"
"De'Andre Hunter\huntede01,SF,16.5,1.8,1.7,0.6"
"Chandler Hutchison\hutchch01,SF,6.7,-0.1,-6.7,-0.3"
"Serge Ibaka\ibakase01,C,17.6,2.7,0.4,0.6"
"Andre Iguodala\iguodan01,SF,9.6,1.8,-0.4,0.5"
"Ersan _lyasova\ilyaser01,PF,13.5,0.4,0.7,0.1"
"Joe Ingles\inglejo01,SF,16.6,6.7,4.0,2.5"
"Brandon Ingram\ingrabr01,SF,19.2,5.3,2.2,2.2"
"Kyrie Irving\irvinky01,PG,24.1,6.6,4.9,3.0"
"Wesley Iwundu\iwundwe01,SF,4.6,0.0,-6.3,-0.5"
"Frank Jackson\jacksfr01,PG,13.4,1.1,-2.1,0.0"
"Jaren Jackson Jr.\jacksja02,C,16.7,0.3,-2.7,0.0"
"Josh Jackson\jacksjo02,SG,12.1,0.2,-3.3,-0.5"
"Justin Jackson\jacksju01,SF,10.7,0.3,-2.9,-0.1"
"Reggie Jackson\jacksre01,SG,14.2,3.4,0.0,0.7"
"Justin James\jamesju01,SF,8.4,0.0,-5.6,-0.2"
"LeBron James\jamesle01,PG,24.2,5.5,7.5,3.5"
"Mike James\jamesmi02,PG,11.2,0.0,-4.2,-0.1"
"DaQuan Jeffries\jeffrda01,SG,6.9,0.0,-5.5,-0.4"
"Ty Jerome\jeromty01,SG,12.7,1.1,-0.8,0.2"
"Isaiah Joe\joeis01,SG,8.3,0.4,-4.2,-0.2"
"Alize Johnson\johnsal02,PF,24.3,0.9,3.3,0.2"
"Cameron Johnson\johnsca02,PF,11.8,2.6,-0.6,0.5"
"James Johnson\johnsja01,PF,11.2,1.0,-1.5,0.1"
"Keldon Johnson\johnske04,SF,13.8,3.1,-1.9,0.0"
"Stanley Johnson\johnsst04,PF,7.8,0.7,-2.9,-0.2"
"Tyler Johnson\johnsty01,SG,8.3,0.6,-3.6,-0.3"
"Nikola Joki_\jokicni01,C,31.1,14.5,11.7,8.0"
"Damian Jones\jonesda03,C,12.9,1.1,-2.1,0.0"
"Derrick Jones Jr.\jonesde02,SF,11.8,2.3,-1.9,0.0"
"Mason Jones\jonesma05,SG,12.2,0.2,-2.4,0.0"
"Tre Jones\jonestr01,PG,10.3,0.1,-4.8,-0.1"
"Tyus Jones\jonesty01,PG,15.4,2.7,0.7,0.8"
"DeAndre Jordan\jordade01,C,17.1,3.9,0.7,0.8"
"Cory Joseph\josepco01,PG,12.4,1.9,-2.2,-0.1"
"Mfiondu Kabengele\kabenmf01,PF,6.4,0.0,-6.5,-0.2"
"Frank Kaminsky\kaminfr01,C,16.4,1.8,1.9,0.6"
"Enes Kanter\kanteen01,C,22.6,7.0,0.2,0.9"
"Luke Kennard\kennalu01,SG,12.8,2.5,-0.4,0.5"
"Maxi Kleber\klebima01,PF,10.5,2.8,-0.7,0.4"
"Nathan Knight\knighna01,PF,13.5,0.3,-4.1,-0.1"
"Kevin Knox\knoxke01,SF,9.2,0.6,-1.7,0.0"
"John Konchar\konchjo01,SG,12.9,1.2,-0.2,0.2"
"Furkan Korkmaz\korkmfu01,SG,13.3,2.1,0.3,0.6"
"Kyle Kuzma\kuzmaky01,SF,12.7,3.0,-0.9,0.5"
"Anthony Lamb\lamban01,SF,8.4,0.1,-6.0,-0.2"
"Jeremy Lamb\lambje01,SG,15.8,2.1,1.3,0.6"
"Romeo Langford\langfro01,SG,3.9,0.0,-5.7,-0.2"
"Zach LaVine\lavinza01,SG,21.5,5.2,3.8,2.7"
"Jake Layman\laymaja01,SF,11.4,0.6,-2.7,-0.1"
"T.J. Leaf\leaftj01,PF,18.8,0.1,2.4,0.0"
"Jalen Lecque\lecquja01,PG,4.7,-0.1,-13.1,0.0"
"Damion Lee\leeda03,SG,11.8,2.6,-0.3,0.5"
"Saben Lee\leesa01,PG,13.3,1.1,-2.2,0.0"
"Alex Len\lenal01,C,16.2,2.3,-0.8,0.3"
"Kawhi Leonard\leonaka01,SF,26.5,8.2,6.7,3.6"
"Meyers Leonard\leoname01,C,6.6,0.0,-4.4,0.0"
"Caris LeVert\leverca01,SG,17.2,1.9,-0.6,0.5"
"Kira Lewis Jr.\lewiski01,PG,10.0,0.6,-3.9,-0.4"
"Damian Lillard\lillada01,PG,24.9,8.8,5.3,4.0"
"Nassir Little\littlna01,PF,11.5,1.0,-3.1,-0.2"
"Kevon Looney\looneke01,C,12.1,2.9,-1.4,0.2"
"Brook Lopez\lopezbr01,C,14.8,4.7,-0.1,0.9"
"Robin Lopez\lopezro01,C,16.1,3.3,-1.3,0.2"
"Kevin Love\loveke01,PF,14.1,0.7,-1.0,0.2"
"Kyle Lowry\lowryky01,PG,16.5,4.2,1.2,1.3"
"Timothé Luwawu-Cabarrot\luwawti01,SF,7.7,0.3,-4.9,-0.7"
"Trey Lyles\lylestr01,PF,11.4,0.7,-1.9,0.0"
"Will Magnay\magnawi01,C,-35.2,0.0,-39.6,0.0"
"Thon Maker\makerth01,C,18.7,0.3,1.5,0.1"
"Théo Maledon\maledth01,PG,7.9,-0.6,-5.3,-1.4"
"Karim Mané\maneka01,PG,1.3,-0.1,-9.9,-0.2"
"Terance Mann\mannte01,SG,12.8,3.1,-0.6,0.4"
"Nico Mannion\mannini01,PG,9.2,0.2,-4.0,-0.2"
"Boban Marjanovi_\marjabo01,C,22.7,1.0,-1.1,0.1"
"Lauri Markkanen\markkla01,PF,14.8,2.3,-0.5,0.4"
"Naji Marshall\marshna01,SF,11.4,0.8,-0.6,0.2"
"Caleb Martin\martica02,SF,10.0,0.5,-3.5,-0.3"
"Cody Martin\martico01,SF,10.6,1.1,-2.2,-0.1"
"Jeremiah Martin\martije02,PG,1.3,-0.1,-12.2,-0.1"
"Kelan Martin\martike03,SF,11.6,0.1,-3.5,-0.1"
"Kenyon Martin Jr.\martike04,SF,14.5,1.8,-1.9,0.0"
"Frank Mason III\masonfr01,PG,7.5,0.0,-9.2,-0.1"
"Garrison Mathews\mathega01,SG,10.0,2.3,-2.1,0.0"
"Dakota Mathias\mathida01,SG,9.8,0.2,-3.6,0.0"
"Wesley Matthews\matthwe02,SG,6.7,1.4,-2.8,-0.2"
"Tyrese Maxey\maxeyty01,SG,13.2,1.3,-3.0,-0.2"
"Skylar Mays\mayssk01,SG,15.6,0.6,0.7,0.2"
"Patrick McCaw\mccawpa01,SF,12.0,0.1,1.0,0.0"
"CJ McCollum\mccolcj01,SG,20.6,3.9,3.1,1.8"
"T.J. McConnell\mccontj01,PG,16.7,4.1,1.5,1.4"
"Jaden McDaniels\mcdanja02,PF,8.9,1.3,-3.7,-0.6"
"Jalen McDaniels\mcdanja01,SF,11.2,0.9,-3.6,-0.3"
"Doug McDermott\mcderdo01,PF,15.8,3.5,-0.3,0.6"
"Sean McDermott\mcderse01,SF,7.2,0.2,-5.1,-0.1"
"JaVale McGee\mcgeeja01,C,17.4,0.9,-1.6,0.1"
"Rodney McGruder\mcgruro01,SG,16.1,0.5,0.7,0.1"
"Alfonzo McKinnie\mckinal01,SF,15.1,0.7,-0.7,0.1"
"Jordan McLaughlin\mclaujo01,PG,12.0,1.0,-2.2,0.0"
"Ben McLemore\mclembe01,SG,8.8,0.2,-4.2,-0.4"
"Nicolò Melli\mellini01,PF,7.0,0.4,-3.8,-0.2"
"De'Anthony Melton\meltode01,PG,16.1,2.2,2.7,1.1"
"Sam Merrill\merrisa01,SG,13.6,0.5,0.1,0.1"
"Chimezie Metu\metuch01,C,16.2,0.5,-3.2,-0.1"
"Khris Middleton\middlkh01,SF,18.3,6.0,1.6,1.9"
"Darius Miller\milleda01,SF,15.9,0.7,3.9,0.3"
"Patty Mills\millspa02,PG,12.1,2.2,-1.5,0.2"
"Paul Millsap\millspa01,PF,16.3,3.1,0.3,0.6"
"Shake Milton\miltosh01,SG,14.5,2.5,-2.2,-0.1"
"Donovan Mitchell\mitchdo01,PG,21.3,6.2,3.5,2.5"
"Adam Mokoka\mokokad01,SG,4.0,-0.1,-8.3,-0.1"
"Malik Monk\monkma01,SG,14.6,1.1,-1.4,0.1"
"E'Twaun Moore\mooreet01,SG,8.4,0.2,-4.2,-0.2"
"Ja Morant\moranja01,PG,17.4,3.1,-0.4,0.7"
"Juwan Morgan\morgaju01,PF,9.1,0.3,-2.1,0.0"
"Marcus Morris\morrima03,PF,14.8,3.4,0.0,0.7"
"Markieff Morris\morrima02,PF,9.5,1.6,-2.7,-0.2"
"Monte Morris\morrimo01,PG,13.7,2.7,-1.0,0.3"
"Mychal Mulder\muldemy01,PG,10.0,0.8,-2.8,-0.1"
"Dejounte Murray\murrade01,PG,16.6,3.4,0.7,1.3"
"Jamal Murray\murraja01,PG,18.3,4.7,1.7,1.6"
"Mike Muscala\muscami01,C,14.7,1.3,-0.3,0.3"
"Abdel Nader\naderab01,SF,13.4,0.7,-0.4,0.2"
"Larry Nance Jr.\nancela02,PF,13.2,1.8,0.6,0.7"
"Aaron Nesmith\nesmiaa01,SF,8.9,0.8,-3.3,-0.2"
"Raul Neto\netora01,PG,13.0,2.5,-0.8,0.4"
"Georges Niang\niangge01,PF,10.5,2.0,-1.0,0.3"
"Zeke Nnaji\nnajize01,PF,10.5,0.7,-2.9,-0.1"
"Nerlens Noel\noelne01,C,14.9,4.5,1.1,1.1"
"Jaylen Nowell\nowelja01,SG,12.5,0.6,-3.1,-0.2"
"Frank Ntilikina\ntilila01,PG,7.0,0.3,-3.7,-0.1"
"Kendrick Nunn\nunnke01,PG,13.7,2.4,-0.8,0.4"
"James Nunnally\nunnaja01,SF,9.6,0.0,-2.7,0.0"
"Jusuf Nurki_\nurkiju01,C,19.3,1.7,0.9,0.5"
"David Nwaba\nwabada01,SF,14.5,1.4,-0.3,0.3"
"Jordan Nwora\nworajo01,SF,14.6,0.3,-2.0,0.0"
"Royce O'Neale\onealro01,SF,9.9,5.3,0.6,1.3"
"Semi Ojeleye\ojelese01,PF,8.4,1.3,-2.6,-0.1"
"Jahlil Okafor\okafoja01,C,13.6,0.5,-2.3,0.0"
"Chuma Okeke\okekech01,PF,11.8,1.4,-1.4,0.2"
"Josh Okogie\okogijo01,SG,9.3,1.2,-3.6,-0.5"
"Onyeka Okongwu\okongon01,C,15.6,1.6,-1.8,0.0"
"Isaac Okoro\okorois01,SG,7.8,0.9,-4.9,-1.4"
"KZ Okpala\okpalkz01,PF,3.8,0.0,-7.9,-0.6"
"Victor Oladipo\oladivi01,SG,14.4,0.5,-1.5,0.1"
"Miye Oni\onimi01,SG,6.8,0.8,-2.0,0.0"
"Cedi Osman\osmande01,SF,10.4,0.5,-2.7,-0.3"
"Daniel Oturu\oturuda01,C,13.2,0.2,-4.4,-0.1"
"Kelly Oubre Jr.\oubreke01,SF,13.3,2.1,-2.1,-0.1"
"Jabari Parker\parkeja01,PF,12.5,0.1,-2.6,0.0"
"Eric Paschall\pascher01,PF,13.3,0.8,-3.1,-0.2"
"An_ejs Pase__iks\pasecan01,C,-40.6,-0.1,-47.1,-0.1"
"Patrick Patterson\pattepa01,PF,10.7,1.0,-0.7,0.2"
"Justin Patton\pattoju01,C,11.7,0.4,-2.0,0.0"
"Chris Paul\paulch01,PG,21.1,8.4,4.5,3.4"
"Cameron Payne\payneca01,PG,15.8,2.7,1.4,0.8"
"Elfrid Payton\paytoel01,PG,12.7,1.3,-2.7,-0.3"
"Gary Payton II\paytoga02,PG,29.2,0.3,9.5,0.1"
"Norvel Pelle\pelleno01,C,11.9,0.2,-0.9,0.0"
"Reggie Perry\perryre01,PF,12.0,0.2,-5.8,-0.2"
"Theo Pinson\pinsoth01,SG,-8.0,-0.1,-16.5,-0.1"
"Mason Plumlee\plumlma01,C,18.5,5.0,2.0,1.5"
"Jakob Poeltl\poeltja01,C,17.4,5.2,0.5,1.0"
"Vincent Poirier\poirivi01,C,1.6,-0.1,-14.6,-0.1"
"Aleksej Pokusevski\pokusal01,PF,6.1,-1.6,-5.7,-0.9"
"Jordan Poole\poolejo01,SG,13.7,1.2,-1.3,0.1"
"Jontay Porter\portejo01,PF,4.5,-0.1,-9.8,-0.1"
"Kevin Porter Jr.\porteke02,SG,12.6,0.1,-3.8,-0.4"
"Michael Porter Jr.\portemi01,SF,20.4,6.4,2.8,2.1"
"Bobby Portis\portibo01,C,19.5,4.4,1.4,1.1"
"Kristaps Porzi__is\porzikr01,C,21.2,3.9,1.9,1.2"
"Dwight Powell\poweldw01,C,16.1,2.9,0.0,0.4"
"Taurean Prince\princta02,PF,12.1,1.0,-2.0,0.0"
"Payton Pritchard\pritcpa01,SG,12.6,2.5,-1.1,0.3"
"Immanuel Quickley\quickim01,PG,16.4,3.4,1.1,0.9"
"Jahmi'us Ramsey\ramseja01,SG,16.0,0.0,-0.8,0.0"
"Chasson Randle\randlch01,PG,6.6,-0.1,-6.9,-0.9"
"Julius Randle\randlju01,PF,20.1,7.4,3.9,3.6"
"Cam Reddish\reddica01,SF,9.4,0.4,-3.6,-0.3"
"J.J. Redick\redicjj01,SG,10.3,0.8,-3.4,-0.2"
"Paul Reed\reedpa01,PF,18.1,0.3,-1.8,0.0"
"Naz Reid\reidna01,C,18.1,2.8,-0.8,0.4"
"Cameron Reynolds\reynoca01,SF,6.2,0.0,-9.3,0.0"
"Nick Richards\richani01,PF,5.1,0.0,-8.5,-0.1"
"Josh Richardson\richajo01,SG,11.4,2.1,-2.3,-0.1"
"Grant Riller\rillegr01,PG,24.6,0.1,7.0,0.0"
"Austin Rivers\riverau01,SG,9.8,1.0,-2.2,0.0"
"Andre Roberson\roberan03,SG,4.2,-0.1,-6.2,-0.1"
"Duncan Robinson\robindu01,SF,10.8,3.3,-1.3,0.4"
"Glenn Robinson III\robingl02,SF,9.1,0.2,-4.6,-0.2"
"Jerome Robinson\robinje01,SG,4.1,-0.4,-7.6,-0.4"
"Justin Robinson\robinju01,PG,6.0,0.0,-7.6,-0.1"
"Mitchell Robinson\robinmi01,C,17.7,3.4,0.9,0.6"
"Isaiah Roby\robyis01,PF,12.7,1.6,-2.7,-0.2"
"Rajon Rondo\rondora01,PG,12.0,0.8,-1.3,0.1"
"Derrick Rose\rosede01,PG,18.0,2.7,1.2,0.9"
"Terrence Ross\rosste01,SG,13.2,0.9,-2.4,-0.1"
"Terry Rozier\roziete01,SG,17.2,4.8,1.6,1.9"
"Ricky Rubio\rubiori01,PG,13.4,2.6,-2.3,-0.1"
"D'Angelo Russell\russeda01,PG,17.4,1.1,0.9,0.8"
"Domantas Sabonis\sabondo01,PF,20.1,5.9,3.4,2.7"
"Luka _amani_\samanlu01,PF,9.3,0.1,-5.4,-0.3"
"JaKarr Sampson\sampsja02,PF,9.1,0.1,-8.2,-0.4"
"Dario _ari_\saricda01,C,14.7,1.6,-1.8,0.0"
"Tomá_ Satoransk_\satorto01,SG,14.0,2.8,-0.5,0.5"
"Dennis Schröder\schrode01,SG,13.8,3.7,-1.1,0.4"
"Mike Scott\scottmi01,PF,6.5,0.9,-3.2,-0.2"
"Collin Sexton\sextoco01,SG,17.8,3.2,-0.2,0.8"
"Landry Shamet\shamela01,SG,10.6,1.6,-2.4,-0.1"
"Iman Shumpert\shumpim01,SG,-0.3,0.0,-13.0,0.0"
"Pascal Siakam\siakapa01,PF,17.5,4.2,0.3,1.1"
"Chris Silva\silvach01,PF,11.5,0.2,-5.5,-0.1"
"Ben Simmons\simmobe01,PG,18.3,5.5,2.6,2.1"
"Anfernee Simons\simonan01,SG,13.3,1.7,-0.6,0.3"
"Deividas Sirvydis\sirvyde01,SG,3.6,-0.1,-9.6,-0.1"
"Alen Smailagi_\smailal01,PF,11.5,0.1,-2.6,0.0"
"Marcus Smart\smartma01,PG,14.4,3.5,0.1,0.8"
"Dennis Smith Jr.\smithde03,PG,13.6,0.6,0.2,0.2"
"Ish Smith\smithis01,PG,11.3,0.8,-2.1,0.0"
"Jalen Smith\smithja04,PF,7.9,0.0,-6.0,-0.1"
"Tony Snell\snellto01,SG,9.6,1.9,-0.7,0.3"
"Ray Spalding\spaldra01,C,0.8,-0.1,-10.4,0.0"
"Cassius Stanley\stanlca01,SG,7.5,0.0,-10.3,-0.2"
"Lamar Stevens\stevela01,PF,10.5,0.5,-4.0,-0.3"
"Isaiah Stewart\stewais01,C,16.4,3.8,-1.3,0.3"
"Max Strus\strusma01,SF,11.7,0.8,-2.1,0.0"
"Edmond Sumner\sumneed01,SG,13.2,1.5,-2.4,-0.1"
"Jae'Sean Tate\tateja01,SF,13.9,3.8,-1.0,0.5"
"Jayson Tatum\tatumja01,SF,21.4,6.3,3.9,3.1"
"Jeff Teague\teaguje01,PG,11.9,1.5,-2.4,-0.1"
"Garrett Temple\templga01,SG,8.4,1.3,-3.4,-0.5"
"Tyrell Terry\terryty01,PG,6.0,-0.1,-5.5,-0.1"
"Daniel Theis\theisda01,C,14.9,4.0,-0.2,0.7"
"Brodric Thomas\thomabr01,SG,7.1,-0.1,-5.4,-0.2"
"Isaiah Thomas\thomais02,PG,2.4,-0.2,-13.8,-0.1"
"Matt Thomas\thomama02,SG,9.2,0.2,-5.2,-0.2"
"Tristan Thompson\thomptr01,PF,14.7,2.8,-2.3,-0.1"
"Sindarius Thornwell\thornsi01,SG,3.6,-0.1,-6.6,-0.1"
"Matisse Thybulle\thybuma01,SG,10.2,2.7,1.6,1.1"
"Killian Tillie\tilliki02,C,8.2,0.1,-4.9,-0.1"
"Xavier Tillman Sr.\tillmxa01,PF,14.9,2.8,-0.2,0.5"
"Anthony Tolliver\tollian01,PF,2.7,0.0,-8.5,-0.1"
"Obi Toppin\toppiob01,PF,11.6,1.2,-2.3,-0.1"
"Juan Toscano-Anderson\toscaju01,SG,12.4,2.4,0.3,0.5"
"Axel Toupane\toupaax01,SF,9.1,0.1,-3.1,0.0"
"Karl-Anthony Towns\townska01,C,23.0,4.6,4.3,2.4"
"Gary Trent Jr.\trentga02,SG,12.3,1.7,-2.5,-0.2"
"P.J. Tucker\tuckepj01,PF,5.7,1.0,-4.2,-0.7"
"Rayjon Tucker\tuckera01,PG,17.6,0.2,-0.1,0.0"
"Myles Turner\turnemy01,C,15.4,3.4,0.4,0.9"
"Jonas Valan_i_nas\valanjo01,C,23.7,6.6,2.1,1.6"
"Denzel Valentine\valende01,SG,10.3,0.6,-2.8,-0.2"
"Jarred Vanderbilt\vandeja01,PF,15.8,2.5,-0.8,0.3"
"Fred VanVleet\vanvlfr01,SG,17.0,4.4,2.3,2.0"
"Devin Vassell\vassede01,SF,10.9,1.5,-1.4,0.2"
"Gabe Vincent\vincega01,PG,7.2,0.1,-5.9,-0.6"
"Noah Vonleh\vonleno01,PF,-19.0,-0.1,-29.9,-0.1"
"Nikola Vu_evi_\vucevni01,C,23.4,6.1,5.5,4.1"
"Dean Wade\wadede01,PF,11.5,1.8,-1.0,0.3"
"Moritz Wagner\wagnemo01,C,12.7,1.1,-2.2,0.0"
"Kemba Walker\walkeke02,PG,17.2,2.9,1.8,1.2"
"Lonnie Walker\walkelo01,SG,9.8,0.4,-3.8,-0.6"
"John Wall\walljo01,PG,15.5,-0.1,-0.2,0.6"
"Brad Wanamaker\wanambr01,PG,9.3,0.7,-4.8,-0.7"
"T.J. Warren\warretj01,SF,11.7,0.1,-5.5,-0.1"
"P.J. Washington\washipj01,PF,13.5,2.5,-1.1,0.4"
"Yuta Watanabe\watanyu01,SF,12.5,1.5,-0.5,0.2"
"Tremont Waters\watertr01,PG,14.2,0.3,-0.2,0.1"
"Paul Watson\watsopa01,SF,10.9,0.6,-1.4,0.0"
"Quinndary Weatherspoon\weathqu01,SG,4.5,-0.1,-7.9,-0.1"
"Russell Westbrook\westbru01,PG,19.2,2.9,2.9,2.6"
"Coby White\whiteco01,PG,11.8,1.8,-2.9,-0.4"
"Derrick White\whitede01,SG,15.0,2.0,1.1,0.8"
"Hassan Whiteside\whiteha01,C,19.3,0.9,-2.5,-0.1"
"Greg Whittington\whittgr01,PF,-10.2,-0.1,-17.5,0.0"
"Andrew Wiggins\wiggian01,PF,14.8,3.4,-0.7,0.7"
"Grant Williams\willigr01,PF,6.9,0.9,-4.3,-0.6"
"Kenrich Williams\willike04,PF,13.5,2.7,-0.7,0.5"
"Lou Williams\willilo02,PG,14.4,1.7,-2.7,-0.2"
"Patrick Williams\willipa01,PF,10.1,1.9,-3.0,-0.4"
"Robert Williams\williro04,C,25.8,5.3,6.1,2.0"
"Zion Williamson\willizi01,PF,27.2,8.8,5.4,3.8"
"D.J. Wilson\wilsodj01,PF,11.6,0.3,-3.5,-0.2"
"Dylan Windler\windldy01,SF,10.8,0.5,-1.7,0.0"
"Justise Winslow\winslju01,SF,5.3,-0.8,-6.8,-0.6"
"Cassius Winston\winstca01,PG,11.0,0.1,-2.9,0.0"
"James Wiseman\wisemja01,C,13.1,0.7,-5.4,-0.7"
"Christian Wood\woodch01,C,20.1,2.9,1.4,1.2"
"Robert Woodard\woodaro01,SF,18.4,0.0,-3.2,0.0"
"Thaddeus Young\youngth01,PF,20.8,4.7,3.5,2.1"
"Trae Young\youngtr01,PG,22.8,6.5,3.6,2.8"
"Cody Zeller\zelleco01,C,18.2,2.7,-0.3,0.4"
"Ivica Zubac\zubaciv01,C,19.0,6.3,0.4,0.9"